"Indeksi cen življenjskih potrebšèin po klasifikaciji ECOICOP, Slovenija, meseèno"

"ŽIVLJENJSKE POTREBŠÈINE","2000M01 Mesec / isti mesec prejšnjega leta","2000M02 Mesec / isti mesec prejšnjega leta","2000M03 Mesec / isti mesec prejšnjega leta","2000M04 Mesec / isti mesec prejšnjega leta","2000M05 Mesec / isti mesec prejšnjega leta","2000M06 Mesec / isti mesec prejšnjega leta","2000M07 Mesec / isti mesec prejšnjega leta","2000M08 Mesec / isti mesec prejšnjega leta","2000M09 Mesec / isti mesec prejšnjega leta","2000M10 Mesec / isti mesec prejšnjega leta","2000M11 Mesec / isti mesec prejšnjega leta","2000M12 Mesec / isti mesec prejšnjega leta","2001M01 Mesec / isti mesec prejšnjega leta","2001M02 Mesec / isti mesec prejšnjega leta","2001M03 Mesec / isti mesec prejšnjega leta","2001M04 Mesec / isti mesec prejšnjega leta","2001M05 Mesec / isti mesec prejšnjega leta","2001M06 Mesec / isti mesec prejšnjega leta","2001M07 Mesec / isti mesec prejšnjega leta","2001M08 Mesec / isti mesec prejšnjega leta","2001M09 Mesec / isti mesec prejšnjega leta","2001M10 Mesec / isti mesec prejšnjega leta","2001M11 Mesec / isti mesec prejšnjega leta","2001M12 Mesec / isti mesec prejšnjega leta","2002M01 Mesec / isti mesec prejšnjega leta","2002M02 Mesec / isti mesec prejšnjega leta","2002M03 Mesec / isti mesec prejšnjega leta","2002M04 Mesec / isti mesec prejšnjega leta","2002M05 Mesec / isti mesec prejšnjega leta","2002M06 Mesec / isti mesec prejšnjega leta","2002M07 Mesec / isti mesec prejšnjega leta","2002M08 Mesec / isti mesec prejšnjega leta","2002M09 Mesec / isti mesec prejšnjega leta","2002M10 Mesec / isti mesec prejšnjega leta","2002M11 Mesec / isti mesec prejšnjega leta","2002M12 Mesec / isti mesec prejšnjega leta","2003M01 Mesec / isti mesec prejšnjega leta","2003M02 Mesec / isti mesec prejšnjega leta","2003M03 Mesec / isti mesec prejšnjega leta","2003M04 Mesec / isti mesec prejšnjega leta","2003M05 Mesec / isti mesec prejšnjega leta","2003M06 Mesec / isti mesec prejšnjega leta","2003M07 Mesec / isti mesec prejšnjega leta","2003M08 Mesec / isti mesec prejšnjega leta","2003M09 Mesec / isti mesec prejšnjega leta","2003M10 Mesec / isti mesec prejšnjega leta","2003M11 Mesec / isti mesec prejšnjega leta","2003M12 Mesec / isti mesec prejšnjega leta","2004M01 Mesec / isti mesec prejšnjega leta","2004M02 Mesec / isti mesec prejšnjega leta","2004M03 Mesec / isti mesec prejšnjega leta","2004M04 Mesec / isti mesec prejšnjega leta","2004M05 Mesec / isti mesec prejšnjega leta","2004M06 Mesec / isti mesec prejšnjega leta","2004M07 Mesec / isti mesec prejšnjega leta","2004M08 Mesec / isti mesec prejšnjega leta","2004M09 Mesec / isti mesec prejšnjega leta","2004M10 Mesec / isti mesec prejšnjega leta","2004M11 Mesec / isti mesec prejšnjega leta","2004M12 Mesec / isti mesec prejšnjega leta","2005M01 Mesec / isti mesec prejšnjega leta","2005M02 Mesec / isti mesec prejšnjega leta","2005M03 Mesec / isti mesec prejšnjega leta","2005M04 Mesec / isti mesec prejšnjega leta","2005M05 Mesec / isti mesec prejšnjega leta","2005M06 Mesec / isti mesec prejšnjega leta","2005M07 Mesec / isti mesec prejšnjega leta","2005M08 Mesec / isti mesec prejšnjega leta","2005M09 Mesec / isti mesec prejšnjega leta","2005M10 Mesec / isti mesec prejšnjega leta","2005M11 Mesec / isti mesec prejšnjega leta","2005M12 Mesec / isti mesec prejšnjega leta","2006M01 Mesec / isti mesec prejšnjega leta","2006M02 Mesec / isti mesec prejšnjega leta","2006M03 Mesec / isti mesec prejšnjega leta","2006M04 Mesec / isti mesec prejšnjega leta","2006M05 Mesec / isti mesec prejšnjega leta","2006M06 Mesec / isti mesec prejšnjega leta","2006M07 Mesec / isti mesec prejšnjega leta","2006M08 Mesec / isti mesec prejšnjega leta","2006M09 Mesec / isti mesec prejšnjega leta","2006M10 Mesec / isti mesec prejšnjega leta","2006M11 Mesec / isti mesec prejšnjega leta","2006M12 Mesec / isti mesec prejšnjega leta","2007M01 Mesec / isti mesec prejšnjega leta","2007M02 Mesec / isti mesec prejšnjega leta","2007M03 Mesec / isti mesec prejšnjega leta","2007M04 Mesec / isti mesec prejšnjega leta","2007M05 Mesec / isti mesec prejšnjega leta","2007M06 Mesec / isti mesec prejšnjega leta","2007M07 Mesec / isti mesec prejšnjega leta","2007M08 Mesec / isti mesec prejšnjega leta","2007M09 Mesec / isti mesec prejšnjega leta","2007M10 Mesec / isti mesec prejšnjega leta","2007M11 Mesec / isti mesec prejšnjega leta","2007M12 Mesec / isti mesec prejšnjega leta","2008M01 Mesec / isti mesec prejšnjega leta","2008M02 Mesec / isti mesec prejšnjega leta","2008M03 Mesec / isti mesec prejšnjega leta","2008M04 Mesec / isti mesec prejšnjega leta","2008M05 Mesec / isti mesec prejšnjega leta","2008M06 Mesec / isti mesec prejšnjega leta","2008M07 Mesec / isti mesec prejšnjega leta","2008M08 Mesec / isti mesec prejšnjega leta","2008M09 Mesec / isti mesec prejšnjega leta","2008M10 Mesec / isti mesec prejšnjega leta","2008M11 Mesec / isti mesec prejšnjega leta","2008M12 Mesec / isti mesec prejšnjega leta","2009M01 Mesec / isti mesec prejšnjega leta","2009M02 Mesec / isti mesec prejšnjega leta","2009M03 Mesec / isti mesec prejšnjega leta","2009M04 Mesec / isti mesec prejšnjega leta","2009M05 Mesec / isti mesec prejšnjega leta","2009M06 Mesec / isti mesec prejšnjega leta","2009M07 Mesec / isti mesec prejšnjega leta","2009M08 Mesec / isti mesec prejšnjega leta","2009M09 Mesec / isti mesec prejšnjega leta","2009M10 Mesec / isti mesec prejšnjega leta","2009M11 Mesec / isti mesec prejšnjega leta","2009M12 Mesec / isti mesec prejšnjega leta","2010M01 Mesec / isti mesec prejšnjega leta","2010M02 Mesec / isti mesec prejšnjega leta","2010M03 Mesec / isti mesec prejšnjega leta","2010M04 Mesec / isti mesec prejšnjega leta","2010M05 Mesec / isti mesec prejšnjega leta","2010M06 Mesec / isti mesec prejšnjega leta","2010M07 Mesec / isti mesec prejšnjega leta","2010M08 Mesec / isti mesec prejšnjega leta","2010M09 Mesec / isti mesec prejšnjega leta","2010M10 Mesec / isti mesec prejšnjega leta","2010M11 Mesec / isti mesec prejšnjega leta","2010M12 Mesec / isti mesec prejšnjega leta","2011M01 Mesec / isti mesec prejšnjega leta","2011M02 Mesec / isti mesec prejšnjega leta","2011M03 Mesec / isti mesec prejšnjega leta","2011M04 Mesec / isti mesec prejšnjega leta","2011M05 Mesec / isti mesec prejšnjega leta","2011M06 Mesec / isti mesec prejšnjega leta","2011M07 Mesec / isti mesec prejšnjega leta","2011M08 Mesec / isti mesec prejšnjega leta","2011M09 Mesec / isti mesec prejšnjega leta","2011M10 Mesec / isti mesec prejšnjega leta","2011M11 Mesec / isti mesec prejšnjega leta","2011M12 Mesec / isti mesec prejšnjega leta","2012M01 Mesec / isti mesec prejšnjega leta","2012M02 Mesec / isti mesec prejšnjega leta","2012M03 Mesec / isti mesec prejšnjega leta","2012M04 Mesec / isti mesec prejšnjega leta","2012M05 Mesec / isti mesec prejšnjega leta","2012M06 Mesec / isti mesec prejšnjega leta","2012M07 Mesec / isti mesec prejšnjega leta","2012M08 Mesec / isti mesec prejšnjega leta","2012M09 Mesec / isti mesec prejšnjega leta","2012M10 Mesec / isti mesec prejšnjega leta","2012M11 Mesec / isti mesec prejšnjega leta","2012M12 Mesec / isti mesec prejšnjega leta","2013M01 Mesec / isti mesec prejšnjega leta","2013M02 Mesec / isti mesec prejšnjega leta","2013M03 Mesec / isti mesec prejšnjega leta","2013M04 Mesec / isti mesec prejšnjega leta","2013M05 Mesec / isti mesec prejšnjega leta","2013M06 Mesec / isti mesec prejšnjega leta","2013M07 Mesec / isti mesec prejšnjega leta","2013M08 Mesec / isti mesec prejšnjega leta","2013M09 Mesec / isti mesec prejšnjega leta","2013M10 Mesec / isti mesec prejšnjega leta","2013M11 Mesec / isti mesec prejšnjega leta","2013M12 Mesec / isti mesec prejšnjega leta","2014M01 Mesec / isti mesec prejšnjega leta","2014M02 Mesec / isti mesec prejšnjega leta","2014M03 Mesec / isti mesec prejšnjega leta","2014M04 Mesec / isti mesec prejšnjega leta","2014M05 Mesec / isti mesec prejšnjega leta","2014M06 Mesec / isti mesec prejšnjega leta","2014M07 Mesec / isti mesec prejšnjega leta","2014M08 Mesec / isti mesec prejšnjega leta","2014M09 Mesec / isti mesec prejšnjega leta","2014M10 Mesec / isti mesec prejšnjega leta","2014M11 Mesec / isti mesec prejšnjega leta","2014M12 Mesec / isti mesec prejšnjega leta","2015M01 Mesec / isti mesec prejšnjega leta","2015M02 Mesec / isti mesec prejšnjega leta","2015M03 Mesec / isti mesec prejšnjega leta","2015M04 Mesec / isti mesec prejšnjega leta","2015M05 Mesec / isti mesec prejšnjega leta","2015M06 Mesec / isti mesec prejšnjega leta","2015M07 Mesec / isti mesec prejšnjega leta","2015M08 Mesec / isti mesec prejšnjega leta","2015M09 Mesec / isti mesec prejšnjega leta","2015M10 Mesec / isti mesec prejšnjega leta","2015M11 Mesec / isti mesec prejšnjega leta","2015M12 Mesec / isti mesec prejšnjega leta","2016M01 Mesec / isti mesec prejšnjega leta","2016M02 Mesec / isti mesec prejšnjega leta","2016M03 Mesec / isti mesec prejšnjega leta","2016M04 Mesec / isti mesec prejšnjega leta","2016M05 Mesec / isti mesec prejšnjega leta","2016M06 Mesec / isti mesec prejšnjega leta","2016M07 Mesec / isti mesec prejšnjega leta","2016M08 Mesec / isti mesec prejšnjega leta","2016M09 Mesec / isti mesec prejšnjega leta","2016M10 Mesec / isti mesec prejšnjega leta","2016M11 Mesec / isti mesec prejšnjega leta","2016M12 Mesec / isti mesec prejšnjega leta","2017M01 Mesec / isti mesec prejšnjega leta","2017M02 Mesec / isti mesec prejšnjega leta","2017M03 Mesec / isti mesec prejšnjega leta","2017M04 Mesec / isti mesec prejšnjega leta","2017M05 Mesec / isti mesec prejšnjega leta","2017M06 Mesec / isti mesec prejšnjega leta","2017M07 Mesec / isti mesec prejšnjega leta","2017M08 Mesec / isti mesec prejšnjega leta","2017M09 Mesec / isti mesec prejšnjega leta","2017M10 Mesec / isti mesec prejšnjega leta","2017M11 Mesec / isti mesec prejšnjega leta","2017M12 Mesec / isti mesec prejšnjega leta","2018M01 Mesec / isti mesec prejšnjega leta","2018M02 Mesec / isti mesec prejšnjega leta","2018M03 Mesec / isti mesec prejšnjega leta","2018M04 Mesec / isti mesec prejšnjega leta","2018M05 Mesec / isti mesec prejšnjega leta","2018M06 Mesec / isti mesec prejšnjega leta","2018M07 Mesec / isti mesec prejšnjega leta","2018M08 Mesec / isti mesec prejšnjega leta","2018M09 Mesec / isti mesec prejšnjega leta","2018M10 Mesec / isti mesec prejšnjega leta","2018M11 Mesec / isti mesec prejšnjega leta","2018M12 Mesec / isti mesec prejšnjega leta","2019M01 Mesec / isti mesec prejšnjega leta","2019M02 Mesec / isti mesec prejšnjega leta","2019M03 Mesec / isti mesec prejšnjega leta","2019M04 Mesec / isti mesec prejšnjega leta","2019M05 Mesec / isti mesec prejšnjega leta","2019M06 Mesec / isti mesec prejšnjega leta","2019M07 Mesec / isti mesec prejšnjega leta","2019M08 Mesec / isti mesec prejšnjega leta","2019M09 Mesec / isti mesec prejšnjega leta","2019M10 Mesec / isti mesec prejšnjega leta","2019M11 Mesec / isti mesec prejšnjega leta","2019M12 Mesec / isti mesec prejšnjega leta","2020M01 Mesec / isti mesec prejšnjega leta","2020M02 Mesec / isti mesec prejšnjega leta","2020M03 Mesec / isti mesec prejšnjega leta","2020M04 Mesec / isti mesec prejšnjega leta"
"SKUPAJ",...,...,...,...,...,...,...,...,...,...,...,...,108.4,108.6,108.8,108.9,109.7,109.4,108.8,108.4,107.9,107.7,107.0,107.0,108.4,108.1,107.7,108.4,107.5,106.8,107.2,107.3,107.2,107.2,106.7,107.3,106.6,106.2,106.2,105.3,105.5,106.0,105.9,105.5,105.0,104.8,105.1,104.6,104.0,103.6,103.5,103.5,103.8,103.9,103.8,103.7,103.3,103.3,103.6,103.2,102.1,102.6,103.1,102.7,102.1,101.9,102.2,102.0,103.2,103.1,102.0,102.3,102.4,102.2,101.9,102.7,103.2,102.9,101.9,103.2,102.5,101.5,102.3,102.8,102.7,102.2,102.3,102.6,102.9,103.6,103.9,103.5,103.5,105.1,105.7,105.7,106.4,106.5,106.8,106.5,106.4,106.9,106.9,106.0,105.5,104.9,103.1,102.1,101.6,102.1,101.8,101.1,100.7,100.3,99.4,100.0,99.9,100.0,101.6,101.8,101.4,101.3,101.4,102.3,102.0,101.8,102.0,102.3,102.0,101.9,101.3,101.9,101.8,101.4,101.9,101.7,102.2,101.3,100.9,100.9,102.1,102.7,102.7,102.0,102.3,102.9,102.3,102.6,102.4,102.3,102.4,102.9,103.3,102.7,102.4,102.7,102.4,102.7,102.0,101.5,101.2,101.9,102.6,102.3,101.4,101.3,101.3,100.7,100.8,100.1,100.6,100.4,100.7,100.8,100.0,99.6,99.6,99.8,99.7,100.1,99.5,99.6,99.7,99.3,99.5,99.3,99.6,99.7,99.4,99.2,99.5,99.5,99.5,99.3,99.1,99.4,99.6,100.2,100.2,100.0,100.2,100.6,100.6,100.5,101.3,102.2,101.9,101.8,101.5,100.9,101.0,101.2,101.4,101.0,101.2,101.7,101.5,101.2,101.2,101.5,102.0,102.1,101.9,101.8,102.0,102.2,102.0,101.4,101.1,101.2,101.6,101.7,101.4,101.8,102.0,102.3,101.7,101.4,101.4,101.8,102.1,102.0,100.5,98.8
"01 HRANA IN BREZALKOHOLNE PIJAÈE",...,...,...,...,...,...,...,...,...,...,...,...,104.7,105.1,106.6,107.9,110.1,110.7,111.3,110.8,111.1,111.0,109.8,110.4,112.1,112.0,110.4,109.8,107.6,106.9,105.4,105.6,105.2,104.9,105.9,105.0,102.8,103.2,104.8,104.2,104.4,104.8,105.9,105.7,104.6,104.6,104.4,103.9,104.8,102.4,102.2,101.4,101.6,102.0,100.4,99.3,98.1,97.4,98.1,98.8,97.7,99.5,99.7,98.2,98.4,97.1,97.4,98.5,99.9,100.7,100.5,100.7,101.3,100.1,98.6,100.6,101.6,102.7,103.0,104.2,104.0,103.5,104.1,103.8,104.4,103.4,104.2,106.7,106.7,107.3,107.9,107.1,110.1,113.3,111.8,113.1,113.8,114.5,113.5,112.2,112.0,111.5,112.2,110.0,107.2,105.3,105.6,103.9,103.4,103.0,102.9,101.9,100.5,100.0,98.6,99.6,99.6,98.7,99.1,98.8,97.4,98.6,99.0,99.7,100.2,101.4,102.5,102.6,101.9,101.6,101.7,101.9,103.7,104.0,103.9,104.1,106.2,104.6,102.9,103.7,104.4,105.5,104.7,104.9,103.9,103.9,104.0,104.7,104.3,103.7,104.0,103.7,103.9,104.3,104.2,104.6,105.2,104.1,103.9,103.2,103.1,104.4,104.4,104.4,103.6,102.5,102.3,102.2,101.7,101.0,100.5,100.1,99.2,99.1,99.1,98.4,99.6,99.4,99.6,98.8,98.7,99.6,100.7,100.7,101.2,101.0,101.4,101.8,101.2,101.1,101.0,101.6,100.4,100.5,100.4,99.8,99.9,101.1,101.3,101.4,101.1,102.1,101.3,101.7,102.8,103.6,102.4,101.8,102.6,101.3,101.5,101.4,102.0,101.7,102.7,102.9,102.9,102.4,103.6,103.7,103.4,103.3,102.5,102.8,102.5,102.7,101.9,100.6,100.8,100.4,100.1,100.5,100.7,102.2,102.9,102.9,101.7,101.5,102.4,103.3,103.4,104.0,104.6,105.1
"02 ALKOHOLNE PIJAÈE IN TOBAK",...,...,...,...,...,...,...,...,...,...,...,...,102.7,106.1,105.5,105.7,105.7,106.6,109.6,109.4,110.0,110.1,110.3,109.4,118.4,112.5,112.8,112.7,112.4,112.6,114.9,114.8,114.8,114.8,115.2,115.5,113.2,112.8,113.2,113.0,113.3,113.4,112.7,112.6,112.4,112.2,110.9,111.6,108.2,107.4,107.3,106.8,106.5,106.5,104.4,104.8,104.6,104.3,104.8,104.3,102.9,103.2,103.2,103.8,104.1,103.4,104.7,104.4,104.2,104.3,104.0,104.4,103.0,103.2,103.4,103.4,103.3,103.8,103.4,103.1,103.4,104.7,104.8,104.9,105.5,105.4,105.6,105.7,106.2,106.0,108.1,108.5,107.6,106.5,106.6,106.6,105.7,105.5,105.1,104.8,105.0,105.1,99.8,100.5,101.8,102.1,102.1,102.0,102.2,102.7,104.0,104.3,108.4,109.0,109.1,108.6,107.7,107.7,108.1,108.0,107.9,107.6,105.9,109.9,105.1,104.5,105.2,108.2,108.5,108.2,108.0,108.1,107.8,108.3,108.3,106.3,106.4,106.2,105.4,102.8,103.0,104.8,104.9,104.9,104.1,103.9,104.7,105.1,105.2,105.1,107.4,107.1,107.0,109.6,109.5,109.4,111.2,110.7,110.0,107.8,107.4,107.5,107.5,107.5,107.1,103.0,103.0,103.0,102.6,102.7,102.6,102.4,104.9,106.0,103.5,103.5,103.8,103.7,103.4,104.0,104.1,104.2,104.2,104.1,101.8,100.6,101.1,101.0,100.9,100.7,100.9,100.1,100.2,100.2,100.0,100.3,100.2,100.5,100.4,100.2,100.4,100.3,100.1,100.4,100.0,101.8,102.1,101.9,101.9,101.6,102.8,102.9,102.8,102.9,103.1,103.0,103.6,102.1,102.2,102.2,102.7,102.5,101.2,100.9,101.1,101.2,100.9,100.4,100.8,100.3,100.1,100.2,99.8,101.1,101.6,101.7,101.6,101.4,101.6,101.9,101.4,101.7,102.0,101.7
"03 OBLAÈILA IN OBUTEV",...,...,...,...,...,...,...,...,...,...,...,...,102.2,102.0,102.2,103.0,103.5,103.3,100.9,98.8,99.5,102.2,102.6,102.9,99.2,98.4,101.2,102.5,103.0,103.0,104.6,102.6,103.7,106.4,107.3,106.9,114.3,110.0,108.4,107.7,108.4,108.5,105.0,102.6,103.0,103.6,103.8,101.4,96.3,99.5,101.5,101.7,101.4,101.5,104.1,102.2,105.5,102.8,101.0,102.7,97.7,98.0,101.1,100.3,99.7,99.5,99.8,95.9,98.7,99.4,100.1,97.8,95.0,97.3,100.1,102.0,102.2,101.0,90.3,99.6,100.3,101.2,101.1,103.4,103.6,102.6,99.5,99.3,101.0,102.4,102.7,104.1,103.1,101.8,103.5,102.1,102.9,104.8,106.7,107.0,104.6,104.1,100.8,101.7,103.7,106.1,104.6,104.8,102.3,100.6,102.3,100.5,101.9,101.1,98.7,98.3,96.4,97.3,97.2,96.6,94.1,94.3,96.4,99.1,97.6,97.7,97.9,98.3,101.9,98.9,100.0,99.9,100.2,99.9,97.9,97.2,98.6,97.1,95.8,95.1,96.5,102.0,102.2,98.5,97.8,96.4,98.8,100.1,102.9,101.5,100.8,101.7,99.8,98.6,98.3,100.8,101.6,106.6,98.8,100.1,97.1,99.6,101.2,100.3,101.7,100.2,100.0,97.1,97.8,96.8,102.5,99.3,98.8,98.6,99.3,101.5,98.8,98.2,97.4,99.6,101.4,99.4,96.9,97.7,98.3,98.8,100.0,99.4,99.6,98.0,100.1,100.8,100.2,100.7,100.4,100.8,100.7,100.3,98.6,99.1,97.1,101.7,99.6,97.1,98.2,99.5,99.7,101.0,100.6,100.3,103.4,101.2,102.7,97.6,98.2,101.3,100.1,101.5,98.8,98.3,98.6,98.2,98.2,98.9,99.0,100.1,99.0,100.3,100.5,99.5,102.1,99.8,100.1,101.5,103.2,105.2,102.3,100.6,100.5,100.5,101.4,101.8,100.7,96.6
"04 STANOVANJA, VODA, ELEKTRIÈNA ENERGIJA, PLIN IN DRUGO GORIVO",...,...,...,...,...,...,...,...,...,...,...,...,116.3,114.9,116.6,114.5,114.8,115.5,113.2,110.5,106.2,105.9,104.3,103.0,107.3,107.3,104.4,108.1,106.4,105.4,105.0,106.6,107.4,107.7,107.2,109.1,107.8,107.2,108.1,106.2,106.4,107.0,106.5,106.1,105.8,105.8,106.1,106.0,104.9,105.6,104.9,105.2,106.2,106.2,107.1,107.9,107.9,109.8,111.4,110.3,109.3,109.0,109.4,109.8,108.7,109.1,110.5,109.7,111.2,109.2,106.2,107.1,108.3,108.8,107.8,107.3,108.3,106.8,105.6,105.6,104.1,99.5,101.0,101.3,99.9,99.1,100.4,101.0,100.4,101.7,101.9,103.2,101.4,106.7,108.2,108.0,111.7,109.6,110.4,109.3,111.4,113.4,113.6,110.4,110.5,109.0,104.8,102.4,100.8,103.0,101.2,100.1,97.7,96.0,95.1,96.5,97.8,98.3,104.5,106.3,107.6,108.4,108.9,110.7,111.6,111.7,112.4,112.3,111.4,111.7,107.1,108.3,107.4,106.6,106.5,106.3,105.9,103.9,104.4,104.9,105.1,105.5,105.7,105.0,104.7,105.3,104.7,104.0,103.7,104.9,103.9,104.2,105.2,102.7,101.5,101.3,100.7,102.8,102.9,103.3,102.8,102.5,103.4,102.7,102.1,103.9,104.8,105.2,103.6,100.4,100.1,99.1,100.4,101.3,100.2,99.5,99.3,99.4,99.5,98.7,98.5,98.1,98.7,99.0,98.7,98.5,98.1,99.2,99.1,99.1,98.9,99.0,99.3,98.9,98.6,98.5,98.7,98.8,99.6,98.6,98.9,98.8,99.7,99.9,101.4,102.9,103.1,102.8,102.6,102.4,101.5,102.2,102.3,102.8,102.9,103.6,103.8,102.9,102.5,103.2,103.3,103.4,104.0,103.8,105.2,105.9,105.5,104.7,103.5,103.9,105.1,105.1,105.6,105.2,104.8,104.9,103.9,102.9,102.1,102.7,104.1,103.4,94.6,92.2
"05 STANOVANJSKA IN GOSPODINJSKA OPREMA IN TEKOÈE VZDRŽEVANJE STANOVANJ",...,...,...,...,...,...,...,...,...,...,...,...,105.7,106.5,107.1,108.7,108.6,108.3,108.7,108.4,108.0,107.6,107.7,107.8,107.8,106.9,106.0,105.0,105.3,105.8,105.1,105.4,105.4,104.8,105.1,105.4,104.5,104.7,104.9,105.2,105.5,105.3,105.3,105.1,104.9,104.6,103.3,102.9,103.5,102.7,101.9,102.4,101.9,102.2,102.3,102.2,101.8,101.7,102.5,102.9,102.5,102.7,103.7,103.7,104.4,103.6,103.5,103.3,103.9,104.3,104.3,103.4,104.0,103.6,104.4,103.2,102.2,102.5,103.6,105.0,105.2,105.1,104.8,105.3,105.1,105.3,104.7,104.8,105.2,105.7,104.5,103.3,103.0,103.6,104.1,104.3,104.0,104.3,105.2,105.7,105.7,105.2,105.9,106.4,107.3,107.0,106.7,106.5,106.5,106.7,105.1,104.7,104.2,104.5,104.0,104.0,102.5,102.1,102.2,101.5,101.8,101.6,100.6,101.0,100.7,100.8,100.5,101.3,102.2,102.0,101.8,102.6,102.4,102.5,103.3,103.5,104.2,103.9,103.5,101.7,102.1,101.8,102.0,101.4,101.3,101.5,100.8,100.7,100.1,99.3,99.7,100.1,99.9,99.2,98.8,99.3,99.5,98.4,98.9,97.8,98.0,98.6,98.7,99.2,98.5,99.5,99.5,99.0,98.6,99.4,99.3,99.9,100.3,99.3,98.3,97.7,97.8,97.7,98.9,98.6,98.5,98.0,97.9,97.7,97.8,98.5,99.5,99.5,99.7,100.0,98.6,98.9,99.3,100.4,100.2,100.1,100.0,100.5,100.1,100.5,100.1,99.7,100.8,100.9,100.3,100.1,100.7,99.7,100.1,99.6,99.7,99.0,99.8,100.5,99.7,100.4,100.7,99.8,100.2,101.6,101.4,101.4,100.4,100.3,101.0,100.4,101.4,100.9,100.5,101.5,100.7,100.9,100.5,101.5,102.2,102.7,100.7,101.3,101.0,100.4,100.8,100.6,101.6,99.2
"06 ZDRAVSTVO",...,...,...,...,...,...,...,...,...,...,...,...,117.6,118.0,115.5,113.4,113.1,115.3,112.5,112.5,113.7,112.4,104.6,103.1,108.9,108.5,108.6,110.0,108.1,105.6,106.5,106.0,104.6,104.4,104.8,105.1,104.7,105.1,104.8,103.7,106.2,106.3,107.3,107.2,107.7,107.0,105.2,105.2,103.6,104.1,104.0,103.4,100.9,100.5,100.1,100.2,99.8,99.4,100.9,100.6,101.2,100.4,100.3,100.8,100.9,100.9,98.6,98.5,98.6,99.0,98.9,98.7,97.4,97.3,97.7,97.8,97.8,97.6,98.9,98.9,98.7,98.9,99.0,99.6,100.9,101.4,102.3,101.4,101.1,101.7,102.0,100.7,100.8,100.8,100.5,100.0,99.1,98.8,100.5,101.4,101.7,101.9,104.5,105.0,105.1,105.2,105.4,106.7,109.5,109.8,106.9,105.4,105.5,105.1,101.9,101.6,100.7,100.6,101.3,100.3,99.7,99.3,99.3,100.7,100.5,100.5,102.8,104.0,105.2,105.1,104.4,104.3,103.2,103.0,102.6,102.5,102.6,102.8,101.0,100.8,100.5,100.5,100.2,100.0,99.7,99.7,100.1,101.5,101.5,101.3,100.1,100.2,100.3,100.3,100.4,100.2,99.9,100.2,99.3,98.0,97.9,97.8,100.0,100.3,100.7,100.0,100.0,100.2,99.8,99.6,100.4,100.7,100.8,100.6,99.3,99.0,99.1,99.5,99.6,99.7,100.4,99.7,100.1,99.8,99.7,100.2,101.2,101.3,100.9,100.8,100.7,100.7,99.9,100.4,100.2,100.1,100.3,101.1,100.6,100.5,100.4,100.6,100.7,100.8,100.7,100.9,100.9,100.8,100.7,99.9,99.7,99.8,100.4,100.5,100.3,100.2,100.5,100.6,102.0,101.9,101.7,101.4,101.6,101.5,100.9,100.8,101.3,101.3,101.6,101.5,102.0,101.9,102.1,102.1,101.2,101.4,101.4,101.7,101.4,101.4,101.4,101.7,99.9,100.1
"07 PREVOZ",...,...,...,...,...,...,...,...,...,...,...,...,113.4,114.2,112.5,111.8,113.9,110.5,108.6,110.1,108.7,107.3,106.1,107.1,108.1,107.3,107.6,109.6,107.2,105.7,107.2,107.0,107.8,108.0,105.1,107.7,105.7,106.2,105.4,102.8,103.0,104.3,104.6,104.3,103.9,103.8,106.8,105.8,105.6,104.7,104.9,105.3,107.1,106.4,106.1,106.3,105.8,106.2,106.5,103.5,102.7,103.3,103.8,103.4,101.3,102.1,102.4,102.6,104.7,104.2,100.0,101.8,103.1,101.8,100.2,102.0,103.6,102.1,101.4,102.6,99.8,97.3,100.4,101.1,99.6,99.1,100.6,100.4,100.4,101.5,100.9,98.4,98.1,100.4,102.5,101.9,102.8,102.7,103.1,102.1,102.4,104.4,104.9,103.7,103.7,102.6,96.4,94.6,94.9,97.5,96.4,96.5,95.2,94.8,94.4,96.5,96.8,97.1,101.9,102.9,102.2,100.5,100.9,100.7,100.4,98.5,98.7,97.9,97.9,99.4,98.8,100.3,100.7,100.9,100.7,100.4,100.7,100.4,100.1,101.1,102.0,101.9,101.9,101.3,101.9,102.5,103.3,104.0,102.8,102.6,102.4,104.4,104.7,103.9,103.3,103.3,102.0,101.8,100.6,99.1,99.1,100.2,101.9,99.9,99.6,99.4,99.7,99.7,100.1,99.1,100.2,101.3,102.3,102.1,100.8,99.8,99.1,99.6,99.9,97.8,95.2,95.4,96.0,94.9,96.0,95.8,95.5,95.2,93.5,93.4,93.0,94.9,95.5,94.5,93.8,94.8,94.8,96.0,96.2,95.5,99.2,99.0,100.1,99.9,103.3,104.3,104.0,103.1,102.2,100.1,100.0,101.5,100.6,100.8,101.1,101.6,100.0,100.2,99.3,99.7,100.5,102.2,102.1,101.9,101.6,101.5,101.0,99.3,98.0,98.4,99.8,100.8,100.3,99.1,98.7,99.3,98.0,99.1,98.4,100.1,101.3,99.7,98.5,92.4
"08 KOMUNIKACIJE",...,...,...,...,...,...,...,...,...,...,...,...,106.2,106.1,105.7,109.2,108.6,113.3,112.6,112.9,113.0,112.7,118.2,112.2,112.8,123.5,122.1,117.8,118.4,113.3,113.8,114.7,114.5,114.9,109.2,108.8,108.4,100.6,102.0,102.0,102.0,102.2,101.0,100.2,100.3,99.7,100.0,99.2,100.4,98.9,99.0,98.3,98.2,98.7,99.5,101.3,101.2,101.8,101.8,102.4,101.1,101.1,100.9,101.4,100.7,99.7,99.8,98.9,99.2,99.1,99.1,99.5,99.5,99.4,99.5,99.5,100.2,99.6,100.5,99.6,101.8,102.0,100.9,101.0,101.4,99.3,99.4,99.7,100.2,101.2,101.2,101.2,99.3,99.3,99.8,101.9,101.0,102.8,102.9,102.8,101.5,101.5,100.7,100.5,99.1,99.1,100.0,95.7,96.3,95.3,95.4,94.8,95.6,95.6,95.9,95.8,95.4,96.3,96.0,98.1,99.4,100.2,100.4,101.0,101.5,101.6,99.7,100.7,103.5,102.5,102.8,103.2,101.4,103.3,103.3,102.3,101.9,100.5,103.4,102.5,100.9,98.2,99.7,96.7,99.9,98.8,97.6,97.4,96.8,97.2,96.9,95.6,96.8,98.4,96.7,98.9,96.4,95.4,96.8,97.8,97.7,98.7,100.0,102.5,101.1,101.6,99.5,98.5,98.4,98.7,98.6,98.8,99.1,100.6,98.0,96.9,96.6,96.5,97.6,97.5,97.4,101.2,100.1,99.2,99.5,97.4,101.7,101.7,101.7,103.3,104.3,105.3,105.3,102.9,103.9,104.5,105.2,106.0,102.3,102.2,103.4,102.0,101.8,102.9,103.0,103.4,102.1,102.9,99.6,100.7,99.9,99.8,97.9,98.3,98.5,97.7,98.7,97.5,99.0,98.5,101.5,100.6,100.2,100.8,101.3,101.4,101.2,103.3,102.1,103.9,103.1,101.7,99.1,99.3,99.5,98.8,101.1,100.5,101.2,99.6,99.9,97.7,98.0,98.5
"09 REKREACIJA IN KULTURA",...,...,...,...,...,...,...,...,...,...,...,...,108.1,107.5,106.8,106.7,105.8,105.1,104.1,104.3,104.5,104.4,105.2,104.9,104.8,105.6,104.9,105.8,107.0,108.2,111.6,111.2,107.8,105.9,105.7,106.2,105.9,105.3,105.1,104.6,104.8,106.0,105.8,105.8,104.8,103.8,102.8,103.9,103.2,103.2,102.6,103.1,103.8,104.5,104.8,105.8,103.8,103.6,103.3,102.6,103.6,103.9,104.0,102.8,102.1,101.1,100.9,100.6,101.8,102.5,102.6,102.5,101.3,101.6,101.8,102.7,102.4,102.4,102.9,103.3,102.2,101.4,101.9,101.7,102.9,102.6,102.2,101.4,103.0,103.3,104.4,104.8,104.5,104.9,104.6,104.7,104.1,104.9,104.9,105.4,104.4,105.3,105.6,104.9,104.0,102.8,103.2,103.6,102.8,102.9,103.4,103.3,103.6,104.2,103.1,102.9,102.8,103.2,102.8,101.7,101.8,101.1,100.9,101.0,100.7,99.9,99.5,99.8,100.3,100.1,100.0,100.4,99.2,93.6,99.6,99.5,98.9,98.6,98.2,97.9,98.8,99.7,99.2,98.9,100.9,106.9,100.4,100.9,101.3,101.7,101.3,101.3,101.2,100.2,101.0,100.2,99.6,99.7,100.0,99.7,99.6,99.5,100.7,101.0,100.2,100.9,100.4,99.9,100.8,100.4,100.0,100.5,99.6,99.7,99.7,99.5,100.1,101.8,103.0,104.2,104.1,104.1,104.3,101.3,102.2,101.0,100.0,100.3,100.6,99.2,98.2,97.7,98.1,97.6,98.1,100.1,100.5,101.7,102.7,102.4,100.2,100.4,100.9,100.2,99.1,101.5,99.5,100.4,100.2,100.6,100.3,100.7,101.5,100.4,100.0,100.8,99.5,99.7,99.0,101.1,102.8,101.6,101.4,101.0,101.2,102.6,103.0,101.9,102.7,102.5,101.9,102.0,100.7,101.3,102.0,102.1,102.2,100.8,100.2,100.6,99.1,100.7,99.8,99.2
"10 IZOBRAŽEVANJE",...,...,...,...,...,...,...,...,...,...,...,...,108.8,111.7,111.7,111.7,110.0,108.7,108.9,108.9,109.8,110.6,106.5,106.5,109.0,106.5,110.5,110.5,110.5,111.1,109.9,109.9,109.9,109.0,109.0,109.0,106.9,106.4,103.6,103.8,104.6,104.0,104.0,104.0,104.2,104.4,104.4,104.4,106.9,107.1,106.1,106.6,105.8,105.8,105.8,105.8,105.6,106.9,106.9,107.3,104.4,105.1,106.1,107.7,107.7,107.7,107.7,107.7,107.0,106.5,106.5,106.4,106.3,104.2,103.6,103.6,103.6,103.6,103.6,103.6,100.9,100.7,100.7,100.5,100.5,101.5,101.1,98.9,101.4,101.4,101.4,101.4,103.7,103.6,103.6,103.6,103.4,103.8,107.0,107.0,104.6,104.6,104.6,104.6,105.0,106.0,106.1,106.1,106.0,106.3,103.2,103.2,103.0,103.0,103.0,103.0,102.2,102.7,102.6,102.6,102.4,101.8,101.8,101.8,101.9,101.9,101.9,101.9,100.9,100.4,101.3,100.7,101.7,101.8,101.7,101.7,101.6,101.6,101.6,101.6,102.5,101.8,100.9,101.6,101.0,101.1,101.2,101.3,101.3,101.3,101.3,105.9,105.7,104.8,105.0,104.7,104.6,104.7,104.7,104.6,104.6,104.6,104.6,100.1,99.5,100.1,99.7,100.0,100.0,99.8,99.8,99.8,99.8,99.7,99.7,99.7,100.7,100.6,100.9,100.7,100.6,100.7,100.8,100.8,100.8,100.9,100.8,100.8,100.6,100.1,100.0,100.0,100.2,100.0,100.0,100.0,100.0,100.0,100.0,100.0,99.9,100.3,100.2,100.3,100.3,100.6,100.5,100.5,100.5,100.5,100.5,100.5,100.6,103.8,103.8,103.7,104.0,103.9,103.9,103.9,104.1,104.4,104.4,104.4,104.5,101.8,101.8,101.7,101.6,102.5,102.6,103.1,103.8,103.5,103.5,103.5,105.6,105.5,105.6,105.6,105.5,104.5,104.3,103.8
"11 RESTAVRACIJE IN HOTELI",...,...,...,...,...,...,...,...,...,...,...,...,106.0,105.6,106.0,106.0,105.7,106.9,107.5,106.7,108.3,108.2,107.8,107.6,108.3,108.2,109.2,109.2,110.9,110.0,109.5,110.1,108.6,108.6,108.3,108.2,108.5,109.2,107.8,108.2,106.9,106.7,106.8,107.1,106.7,106.8,106.6,106.6,105.8,105.1,104.9,105.3,105.2,105.4,104.8,104.5,104.1,105.2,105.4,105.2,105.0,105.2,105.1,104.1,104.1,104.0,104.4,104.3,104.9,104.1,104.0,103.9,103.9,103.7,104.2,104.5,104.8,104.6,104.7,104.6,104.5,104.1,103.9,105.9,106.9,107.1,106.7,106.6,106.8,106.4,106.5,107.0,107.6,107.9,109.6,108.6,109.2,109.4,109.4,110.1,109.9,110.1,110.7,110.4,110.0,109.7,108.8,107.7,106.5,106.3,106.0,105.1,104.8,104.7,104.4,104.2,103.3,103.1,102.3,102.6,102.0,101.8,102.0,101.9,102.1,101.7,101.3,101.2,88.8,89.1,89.0,88.9,88.9,88.9,89.1,88.8,89.1,89.5,89.8,90.2,102.7,102.0,102.0,102.2,102.5,102.4,102.1,102.8,102.6,102.1,101.4,100.9,108.9,109.1,109.7,109.3,109.3,109.2,109.0,108.6,108.6,109.1,109.6,109.9,102.0,102.0,101.5,101.4,100.6,100.9,101.3,101.4,102.0,101.7,101.1,101.2,100.7,100.6,100.7,100.8,101.2,101.0,100.8,100.8,99.7,100.1,100.0,99.6,100.0,100.2,101.4,101.4,101.2,102.1,101.9,101.8,102.2,102.3,102.7,103.1,102.5,102.4,100.9,101.0,100.8,100.8,100.9,101.2,101.7,101.6,102.1,102.1,101.8,101.7,101.5,101.6,102.7,102.5,102.5,102.4,102.6,102.6,102.6,102.5,103.1,102.6,102.7,102.4,103.1,102.7,102.6,103.2,103.0,103.6,102.9,103.3,102.8,102.9,102.8,103.2,101.9,102.0,102.2,102.0
"12 RAZNOVRSTNO BLAGO IN STORITVE",...,...,...,...,...,...,...,...,...,...,...,...,107.6,107.3,107.7,107.1,106.3,106.6,107.3,108.0,108.1,108.4,108.3,109.1,108.3,108.1,108.6,108.6,109.4,109.0,108.1,108.9,109.7,108.9,108.8,108.2,107.8,108.3,107.3,107.2,106.7,107.1,107.1,105.3,105.0,104.8,104.5,104.2,104.6,105.2,105.0,104.6,104.7,104.3,104.2,104.2,103.3,103.1,103.2,103.0,101.8,101.0,101.6,102.2,102.1,102.0,102.6,102.6,102.7,102.3,102.7,102.9,103.3,103.6,104.9,104.1,104.1,104.0,103.6,103.6,103.7,105.2,104.8,105.0,105.0,104.7,103.0,102.9,103.1,103.2,103.3,104.0,103.8,103.0,103.6,103.6,103.6,103.8,104.2,104.7,104.4,104.5,104.0,103.7,103.6,103.4,103.2,103.4,103.4,103.7,104.2,103.3,103.1,103.5,104.5,104.4,104.3,104.2,104.1,103.6,103.3,102.3,101.3,101.8,102.1,102.0,100.7,100.4,100.4,100.9,100.6,100.6,100.8,101.2,102.3,102.5,102.4,102.2,102.2,102.3,102.7,102.4,102.5,102.8,102.9,102.7,101.9,101.9,101.1,100.6,102.5,103.7,103.7,103.1,102.9,102.4,102.4,102.5,102.4,102.1,102.9,103.1,101.2,100.2,100.1,100.7,101.0,96.8,101.7,101.7,101.9,101.9,101.9,101.7,101.6,101.5,101.7,101.5,96.4,105.8,100.9,101.0,100.6,100.8,100.7,101.1,101.3,101.2,101.0,101.2,106.5,101.1,100.6,100.4,100.4,100.6,101.2,101.2,101.3,101.7,101.6,101.6,101.4,101.6,101.6,101.9,102.0,101.9,101.1,101.0,101.2,101.5,101.4,101.2,101.2,101.3,101.7,101.4,101.4,101.5,102.0,102.1,102.3,101.6,101.6,101.5,101.9,101.7,100.8,101.2,102.0,102.5,101.9,101.8,101.8,102.0,103.5,103.4,104.5,104.4,105.3,105.4,104.0,103.5
